Workbook

Sheet 판정
A1: 번호 | B1: 시각 | C1: 내 말 | D1: 유형 | E1: 대상 애니 대사 | F1: 판정 | G1: 판정 이유 | H1: 그 순간 애니 대사(참고) | I1: 사용자 확인 | J1: 고친 판정 | K1: 메모
A2: 0 | B2: 0:07.8 | C2: 마파 | D2: 반응·혼잣말
A3: 1 | B3: 0:18.0 | C3: (숨을 들이마시고 헛기침하는 소리) | D3: 소리·감탄
A4: 2 | B4: 0:27.0 | C4: 시작 | D4: 반응·혼잣말
A5: 3 | B5: 0:49.3 | C5: いつも | D5: 따라함 | E5: （デンジ）いつも見る夢だ | F5: 맞음 | H5: （デンジ）いつも見る夢だ / いつも見て いつも忘れる夢…
A6: 4 | B6: 0:51.5 | C6: 見る夢だ | D6: 따라함 | E6: （デンジ）いつも見る夢だ | F6: 맞음 | H6: （デンジ）いつも見る夢だ / いつも見て いつも忘れる夢…
A7: 5 | B7: 0:52.8 | C7: 항상보는 | D7: 옮김 | E7: （デンジ）いつも見る夢だ | F7: 맞음 | G7: いつも見る → 항상 보는 | H7: （デンジ）いつも見る夢だ / いつも見て いつも忘れる夢…
A8: 6 | B8: 0:55.4 | C8: 꿈이다 | D8: 옮김 | E8: （デンジ）いつも見る夢だ | F8: 맞음 | G8: 夢だ → 꿈이다 | H8: （デンジ）いつも見る夢だ / いつも見て いつも忘れる夢…
A9: 7 | B9: 0:57.0 | C9: 항상 보고 | D9: 옮김 | E9: いつも見て いつも忘れる夢… | F9: 맞음 | G9: いつも見て → 항상 보고 | H9: （デンジ）いつも見る夢だ / いつも見て いつも忘れる夢…
A10: 8 | B10: 0:58.9 | C10: 항상 잊는 꿈 | D10: 옮김 | E10: いつも見て いつも忘れる夢… | F10: 맞음 | G10: いつも忘れる夢 → 항상 잊는 꿈 | H10: （デンジ）いつも見る夢だ / いつも見て いつも忘れる夢…
A11: 9 | B11: 1:16.0 | C11: ポチタ出てこいよ | D11: 따라함 | E11: ポチタ 出てこいよ | F11: 맞음 | H11: （ポチタ）デンジ / （幼少期デンジ）あ… ポチタ！ / ポチタ 出てこいよ
A12: 10 | B12: 1:17.8 | C12: 포치타 나와 | D12: 옮김 | E12: ポチタ 出てこいよ | F12: 맞음 | H12: （ポチタ）デンジ / （幼少期デンジ）あ… ポチタ！ / ポチタ 出てこいよ
A13: 11 | B13: 1:20.0 | C13: (숨 들이마시는 소리) | D13: 소리·감탄 | H13: （幼少期デンジ）あ… ポチタ！ / ポチタ 出てこいよ / ポチタ 出てこいよ
A14: 12 | B14: 1:23.0 | C14: 음 무슨 말인지 몰라 | D14: 못알아들음 | E14: 夢の中くらい 撫(な)でさせてくれ | F14: 못 알아들음 | H14: ポチタ 出てこいよ / 夢の中くらい 撫(な)でさせてくれ / （ポチタ）デンジ
A15: 13 | B15: 1:34.0 | C15: 絶対に開けちゃダメだ | D15: 따라함 | E15: （ポチタ） 絶対に開けちゃダメだ | F15: 맞음 | H15: （ポチタ）デンジ / [추정] （ポチタ） 絶対に開けちゃダメだ / [추정] ハッ…
A16: 14 | B16: 1:36.8 | C16: 절대로 열면 안 돼 | D16: 옮김 | E16: [추정] （ポチタ） 絶対に開けちゃダメだ | F16: 맞음 | H16: （ポチタ）デンジ / [추정] （ポチタ） 絶対に開けちゃダメだ / [추정] ハッ…
A17: 15 | B17: 2:04.7 | C17: なんだうるさいな | D17: 따라함 | E17: なんじゃ うるさいのお…！ | F17: 대체로 맞음 | G17: 파워 말투 なんじゃ…のお를 표준어 なんだ…な로 | H17: なんじゃ うるさいのお…！ / はあ… / なんか悪夢を…
A18: 16 | B18: 2:06.0 | C18: 뭐야 시끄럽게 | D18: 옮김 | E18: なんじゃ うるさいのお…！ | F18: 맞음 | H18: なんじゃ うるさいのお…！ / はあ… / なんか悪夢を…
A19: 17 | B19: 2:11.0 | C19: 뭔가 악몽을 | D19: 옮김 | E19: なんか悪夢を… | F19: 맞음 | H19: はあ… / なんか悪夢を… / なんか悪夢を…
A20: 18 | B20: 2:26.0 | C20: 이거 아직 꿈? | D20: 옮김 | E20: まだこれ夢？ | F20: 맞음 | H20: なんか悪夢を… / [시각추정] （デンジ）ん～… / [추정] まだこれ夢？
A21: 19 | B21: 2:32.0 | C21: 아 이거 많이 들었는데 까먹었네 | D21: 못알아들음 | E21: （パワー）なに寝ぼけとるんじゃ！ | F21: 못 알아들음 | G21: 많이 들었는데 까먹었다고 함 | H21: がっ…！ / かはっ！ / うっ…！
A22: 20 | B22: 2:34.9 | C22: 잠꼬대하냐 이런 건데 | D22: 추측 | E22: （パワー）なに寝ぼけとるんじゃ！ | F22: 대체로 맞음 | G22: 寝ぼける(잠이 덜 깨다)를 잠꼬대로 짐작 | H22: かはっ！ / うっ…！ / ん…
A23: 21 | B23: 2:47.0 | C23: 꿈이 아니잖아 | D23: 옮김 | E23: 夢じゃ… ねえ… | F23: 맞음 | H23: なアんじゃ このパワーは!? / （デンジ）うっ / 夢じゃ… ねえ…
A24: 22 | B24: 2:51.0 | C24: 음 | D24: 소리·감탄 | H24: なアんじゃ このパワーは!? / （デンジ）うっ / 夢じゃ… ねえ…
A25: 23 | B25: 3:20.0 | C25: 응? 마키마? | D25: 반응·혼잣말 | H25: [시각추정] ♪ ダーリンベイビーダーリン / [시각추정] ♪ 半端なくラブ！ときらめき / [시각추정] ♪ 浮き足立つフィロソフィ
A26: 24 | B26: 3:55.0 | C26: 포치타 귀엽네. | D26: 반응·혼잣말 | H26: [시각추정] ♪ ザラメが溶けてゲロになりそう / [시각추정] ♪ 瞳孔バチ開いて溺れ死にそう / [시각추정] ♪ 今この世で君だけ大正解
A27: 25 | B27: 5:17.0 | C27: 잠깐만. | D27: 반응·혼잣말 | H27: [시각추정] ♪ ザラメが溶けてゲロになりそう / [시각추정] ♪ 瞳孔バチ開いて溺れ死にそう / [시각추정] ♪ 今この世で君だけ大正解
A28: 26 | B28: 5:19.0 | C28: 가타카나 한번 읽어봅시다. | D28: 반응·혼잣말 | H28: [시각추정] ♪ ザラメが溶けてゲロになりそう / [시각추정] ♪ 瞳孔バチ開いて溺れ死にそう / [시각추정] ♪ 今この世で君だけ大正解
A29: 27 | B29: 5:22.4 | C29: 체인소 맨인 건 알지만. | D29: 반응·혼잣말 | H29: [시각추정] ♪ ザラメが溶けてゲロになりそう / [시각추정] ♪ 瞳孔バチ開いて溺れ死にそう / [시각추정] ♪ 今この世で君だけ大正解
A30: 28 | B30: 5:28.2 | C30: チ | D30: 읽기 | E30: 제목 チェンソーマン | F30: 맞음 | G30: 한 글자씩 | H30: [시각추정] ♪ 今この世で君だけ大正解
A31: 29 | B31: 5:31.0 | C31: ェ | D31: 읽기 | E31: 제목 チェンソーマン | F31: 맞음 | H31: [시각추정] ♪ 今この世で君だけ大正解
A32: 30 | B32: 5:33.0 | C32: ン | D32: 읽기 | E32: 제목 チェンソーマン | F32: 맞음
A33: 31 | B33: 5:35.0 | C33: ソ ー マ ン | D33: 읽기 | E33: 제목 チェンソーマン | F33: 맞음
A34: 32 | B34: 5:40.8 | C34: チェン | D34: 읽기 | E34: 제목 チェンソーマン | F34: 맞음
A35: 33 | B35: 5:42.8 | C35: ソーマン | D35: 읽기 | E35: 제목 チェンソーマン | F35: 맞음
A36: 34 | B36: 5:48.1 | C36: 이는 어디 간 거야? | D36: 반응·혼잣말
A37: 35 | B37: 5:49.9 | C37: チェンソーマン? | D37: 읽기 | E37: 제목 チェンソーマン | F37: 맞음 | G37: 장음 ー에서 막힘
A38: 36 | B38: 5:53.0 | C38: 뭐야 이거. | D38: 반응·혼잣말
A39: 37 | B39: 5:55.3 | C39: 왜 체인소맨... | D39: 반응·혼잣말
A40: 38 | B40: 5:59.0 | C40: 체인소맨을 가타카나로 チェンソーマン이라고 하는구만.. | D40: 반응·혼잣말
A41: 39 | B41: 6:06.5 | C41: 음... | D41: 소리·감탄
A42: 40 | B42: 6:13.0 | C42: 보자. | D42: 반응·혼잣말
A43: 41 | B43: 6:20.0 | C43: 체인소오만 | D43: 읽기 | E43: 제목 チェンソーマン | F43: 대체로 맞음
A44: 42 | B44: 6:23.0 | C44: 일본어 원제는 | D44: 기타 | G44: AI 설명을 읽음(6:23~7:57)
A45: 43 | B45: 6:26.0 | C45: 체인소만이고 가타카나를 그대로 읽으면 대략 첸소오만 | D45: 기타 | G45: AI 설명을 읽음
A46: 44 | B46: 6:32.6 | C46: 입니다. 구조를 보면 이래저래해서 | D46: 기타 | G46: AI 설명을 읽음
A47: 45 | B47: 6:38.0 | C47: 근데 영어 체인소맨을 생각하면 이상하게 느껴지는 게 맞습니다. | D47: 기타 | G47: AI 설명을 읽음
A48: 46 | B48: 6:45.0 | C48: 체인을 일본어로 보통 옮기면 첸이고 | D48: 기타 | G48: AI 설명을 읽음
A49: 47 | B49: 6:49.0 | C49: 체인소 자체도 일반적으로 | D49: 기타 | G49: AI 설명을 읽음
A50: 48 | B50: 6:54.0 | C50: 첸소라고 읽습니다. | D50: 기타 | G50: AI 설명을 읽음
A51: 49 | B51: 6:59.0 | C51: 아니 그러니까 | D51: 반응·혼잣말
A52: 50 | B52: 7:01.0 | C52: 이 'イ'가 가타카나 어 'イ'가 있는데 왜 이를 활용을 안 하는 | D52: 반응·혼잣말
A53: 51 | B53: 7:13.5 | C53: 말이 안 되잖아. | D53: 반응·혼잣말
A54: 52 | B54: 7:23.0 | C54: 에이아이, 어? | D54: 반응·혼잣말
A55: 53 | B55: 7:25.2 | C55: 아 체인 'エイン'을 철자로 옮기는 게 아니라 실제 발음이 일본어식으로 옮겨지기 때문이다. | D55: 기타 | G55: AI 설명을 읽음
A56: 54 | B56: 7:32.0 | C56: (헛기침) | D56: 소리·감탄
A57: 55 | B57: 7:38.4 | C57: 그 'エ'가 장음으로 연결돼서 'エン'이 된다는 거야? | D57: 기타 | G57: AI 설명을 읽음
A58: 56 | B58: 7:47.0 | C58: 어... | D58: 소리·감탄
A59: 57 | B59: 7:50.7 | C59: 일본어 외래어 표기에서 대체로 장음으로 길게 처리하는 관습이 있기 때문이다. | D59: 기타 | G59: AI 설명을 읽음
A60: 58 | B60: 8:05.5 | C60: 아 씨 지 좆대로 하는구만. | D60: 반응·혼잣말
A61: 59 | B61: 8:15.0 | C61: 아 여기도 읽을 게 있네 | D61: 읽기 | E61: 간판 デビルハンター東京本部庁舎
A62: 60 | B62: 8:19.0 | C62: デ | D62: 읽기 | E62: 간판 デビルハンター東京本部庁舎 | F62: 맞음 | G62: デ
A63: 61 | B63: 8:20.3 | C63: ビル | D63: 읽기 | E63: 간판 デビルハンター東京本部庁舎 | F63: 맞음 | G63: ビル
A64: 62 | B64: 8:24.0 | C64: ハン | D64: 읽기 | E64: 간판 デビルハンター東京本部庁舎 | F64: 맞음 | G64: ハン
A65: 63 | B65: 8:26.3 | C65: ター | D65: 읽기 | E65: 간판 デビルハンター東京本部庁舎 | F65: 맞음 | G65: ター
A66: 64 | B66: 8:29.2 | C66: 동 경 본 | D66: 읽기 | E66: 간판 デビルハンター東京本部庁舎 | F66: 대체로 맞음 | G66: 東京本部를 한국식 한자음 동경본으로
A67: 65 | B67: 8:34.1 | C67: 어 어 어 이거 장인 거 같고 본 본부장? | D67: 읽기 | E67: 간판 デビルハンター東京本部庁舎 | F67: 틀림 | G67: 本部庁舎를 본부장으로
A68: 66 | B68: 8:39.0 | C68: 본부장? 아닌데 | D68: 반응·혼잣말
A69: 67 | B69: 8:43.0 | C69: 뭐 아무튼 | D69: 반응·혼잣말
A70: 68 | B70: 8:55.0 | C70: この角は | D70: 따라함 | E70: （マキマ）このツノは… | F70: 맞음 | G70: このツノは | H70: （マキマ）このツノは…
A71: 69 | B71: 8:57.0 | C71: 이 뿔 | D71: 옮김 | E71: （マキマ）このツノは… | F71: 맞음 | H71: （マキマ）このツノは…
A72: 70 | B72: 8:58.3 | C72: 파워 짱 | D72: 따라함 | E72: パワーちゃん | F72: 맞음 | H72: （マキマ）このツノは…
A73: 71 | B73: 9:02.0 | C73: 피를 많이 마셨네 | D73: 옮김 | E73: 血を飲みすぎたね | F73: 맞음 | H73: （マキマ）このツノは…
A74: 72 | B74: 9:07.0 | C74: 좀비랑 싸울 때 대충 많이 먹었냐 뭐 이런 뜻인 거 같고 | D74: 옮김 | E74: ゾンビとの戦いで 大分 飲んじゃったのかな | F74: 대체로 맞음 | G74: 마셨나 → 먹었냐 | H74: [시각추정] 血を飲みすぎたね / [추정] ゾンビとの戦いで 大分 飲んじゃったのかな / [추정] ゾンビとの戦いで 大分 飲んじゃったのかな
A75: 73 | B75: 9:15.0 | C75: 血抜き | D75: 따라함 | E75: 血抜きをしないとね | F75: 맞음 | H75: [추정] ゾンビとの戦いで 大分 飲んじゃったのかな / 血抜きをしないとね / はい
A76: 74 | B76: 9:40.0 | C76: そりゃいくらでも | D76: 따라함 | E76: そりゃ いくらでも！ | F76: 맞음 | H76: ん～… / うぅ… ひっ！ ひっ！ ひっ！ ひっ！ ひっ！ / そりゃ いくらでも！
A77: 75 | B77: 9:41.6 | C77: 괜찮다는 말인가? | D77: 추측 | E77: そりゃ いくらでも！ | F77: 대체로 맞음 | G77: 얼마든지요 → 괜찮다는 말인가 | H77: ん～… / うぅ… ひっ！ ひっ！ ひっ！ ひっ！ ひっ！ / そりゃ いくらでも！
A78: 76 | B78: 9:44.0 | C78: 血抜き | D78: 따라함 | E78: （デンジ）血抜き？ | F78: 맞음 | H78: ん～… / うぅ… ひっ！ ひっ！ ひっ！ ひっ！ ひっ！ / そりゃ いくらでも！
A79: 77 | B79: 9:46.0 | C79: 피를 뺀다는 말인가? | D79: 추측 | E79: パワーちゃんは定期的に 血を抜いているの | F79: 맞음 | H79: ん～… / うぅ… ひっ！ ひっ！ ひっ！ ひっ！ ひっ！ / そりゃ いくらでも！
A80: 78 | B80: 9:50.0 | C80: 빼도 된다고 | D80: 반응·혼잣말 | H80: そりゃ いくらでも！ / ガーン / 借りてる間のバディだけど…
A81: 79 | B81: 9:53.0 | C81: バディ | D81: 따라함 | E81: 借りてる間のバディだけど… | F81: 맞음 | G81: バディ | H81: そりゃ いくらでも！ / ガーン / 借りてる間のバディだけど…
A82: 80 | B82: 9:55.0 | C82: 같이 버디 파티원 같은 거 | D82: 추측 | E82: 借りてる間のバディだけど… | F82: 맞음 | G82: 버디 = 파티원 | H82: そりゃ いくらでも！ / ガーン / 借りてる間のバディだけど…
A83: 81 | B83: 10:00.0 | C83: 덴지군이랑 | D83: 옮김 | E83: 彼がデンジ君と 組みたいんだって | F83: 맞음 | H83: ガーン / 借りてる間のバディだけど… / 彼がデンジ君と 組みたいんだって
A84: 82 | B84: 10:03.8 | C84: 이 같이 하고 싶다는 거 같고 | D84: 옮김 | E84: 彼がデンジ君と 組みたいんだって | F84: 대체로 맞음 | H84: 借りてる間のバディだけど… / 彼がデンジ君と 組みたいんだって / （ビーム）ヒャ!!
A85: 83 | B85: 10:17.5 | C85: 何者ですか こいつ | D85: 따라함 | E85: 何者ですか コイツ？ | F85: 맞음 | H85: （デンジ）ふんっ！ / （ビーム）ぎゃああああああ!! / 何者ですか コイツ？
A86: 84 | B86: 10:19.3 | C86: 이 녀석 뭡니까 | D86: 옮김 | E86: 何者ですか コイツ？ | F86: 맞음 | H86: （デンジ）ふんっ！ / （ビーム）ぎゃああああああ!! / 何者ですか コイツ？
A87: 85 | B87: 10:22.7 | C87: こいつ 이 녀석 何者ですか 뭡니까 이 녀석 | D87: 따라함 | E87: 何者ですか コイツ？ | F87: 맞음 | G87: 따라 하고 옮김 | H87: （デンジ）ふんっ！ / （ビーム）ぎゃああああああ!! / 何者ですか コイツ？
A88: 86 | B88: 10:28.6 | C88: サメの魔人 | D88: 따라함 | E88: （マキマ）サメの魔人 | F88: 맞음 | H88: （ビーム）ぎゃああああああ!! / 何者ですか コイツ？ / （マキマ）サメの魔人
A89: 87 | B89: 10:30.0 | C89: 상어 마인 | D89: 옮김 | E89: （マキマ）サメの魔人 | F89: 맞음 | H89: 何者ですか コイツ？ / （マキマ）サメの魔人 / 普段は会話もできないほど 狂暴なんだけど
A90: 88 | B90: 10:38.1 | C90: デンジ君の | D90: 따라함 | E90: デンジ君の言う事は なんでも聞くんだって | F90: 맞음 | G90: 앞부분만 | H90: （マキマ）サメの魔人 / 普段は会話もできないほど 狂暴なんだけど / デンジ君の言う事は なんでも聞くんだって
A91: 89 | B91: 10:40.6 | C91: 어 뭐 | D91: 반응·혼잣말 | H91: （マキマ）サメの魔人 / 普段は会話もできないほど 狂暴なんだけど / デンジ君の言う事は なんでも聞くんだって
A92: 90 | B92: 10:42.6 | C92: 다 들어준다고 | D92: 옮김 | E92: デンジ君の言う事は なんでも聞くんだって | F92: 맞음 | H92: （マキマ）サメの魔人 / 普段は会話もできないほど 狂暴なんだけど / デンジ君の言う事は なんでも聞くんだって
A93: 91 | B93: 10:47.1 | C93: 言うこと聞く | D93: 따라함 | E93: 言う事を聞く…？ | F93: 맞음 | H93: 言う事を聞く…？ / なんで？ / なんでだろうね？ 顔が似ているからかな
A94: 92 | B94: 11:00.2 | C94: 男は嫌いだ. | D94: 따라함 | E94: 男は嫌いだ | F94: 맞음 | H94: チェンソー様 最こっ!? / 触るんじゃねえ / 男は嫌いだ
A95: 93 | B95: 11:02.0 | C95: 남자는 싫다. | D95: 옮김 | E95: 男は嫌いだ | F95: 맞음 | H95: チェンソー様 最こっ!? / 触るんじゃねえ / 男は嫌いだ
A96: 94 | B96: 11:05.0 | C96: (헛기침 하는 소리) | D96: 소리·감탄 | H96: 男は嫌いだ / （ビーム）うぅ… / うぅ…
A97: 95 | B97: 11:13.0 | C97: 몰라. | D97: 못알아들음 | E97: なんだか 浮かない顔だね？ | F97: 못 알아들음 | H97: （マキマ）ん？ / なんだか 浮かない顔だね？ / 最強に元気ですよ…
A98: 96 | B98: 11:16.0 | C98: 最高.. 아, 뭐 우울한 표정이라고 그러는 거 같은데. | D98: 추측 | E98: なんだか 浮かない顔だね？ | F98: 맞음 | G98: 우울한 표정 | H98: （マキマ）ん？ / なんだか 浮かない顔だね？ / 最強に元気ですよ…
A99: 97 | B99: 11:21.1 | C99: 最高に元気ですよ. | D99: 따라함 | E99: 最強に元気ですよ… | F99: 대체로 맞음 | G99: 最強 → 最高 | H99: （マキマ）ん？ / なんだか 浮かない顔だね？ / 最強に元気ですよ…
A100: 98 | B100: 11:24.0 | C100: 최고로 기분 좋다고. | D100: 옮김 | E100: 最強に元気ですよ… | F100: 대체로 맞음 | H100: （マキマ）ん？ / なんだか 浮かない顔だね？ / 最強に元気ですよ…
...

Sheet 요약
A1: 1편 청해 판정 요약 (녹화 0:00~105:25, 내 말 669줄)
A3: 유형 | B3: 줄 수
A4: 따라함 | B4: =COUNTIF(판정!D:D,"따라함")
A5: 옮김 | B5: =COUNTIF(판정!D:D,"옮김")
A6: 추측 | B6: =COUNTIF(판정!D:D,"추측")
A7: 못알아들음 | B7: =COUNTIF(판정!D:D,"못알아들음")
A8: 읽기 | B8: =COUNTIF(판정!D:D,"읽기")
A9: 기타 | B9: =COUNTIF(판정!D:D,"기타")
A10: 반응·혼잣말 | B10: =COUNTIF(판정!D:D,"반응·혼잣말")
A11: 소리·감탄 | B11: =COUNTIF(판정!D:D,"소리·감탄")
A12: 합계 | B12: =SUM(B4:B11)
A14: 판정 (대사에 반응한 줄) | B14: 따라함 | C14: 옮김 | D14: 추측 | E14: 모르겠다고 함 | F14: 합계 | G14: 비율
A15: 맞음 | B15: =COUNTIFS(판정!D:D,"따라함",판정!F:F,"맞음") | C15: =COUNTIFS(판정!D:D,"옮김",판정!F:F,"맞음") | D15: =COUNTIFS(판정!D:D,"추측",판정!F:F,"맞음") | E15: =COUNTIFS(판정!D:D,"못알아들음",판정!F:F,"맞음") | F15: =SUM(B14:E14) | G15: =IF(F20=0,0,F14/F20)
A16: 대체로 맞음 | B16: =COUNTIFS(판정!D:D,"따라함",판정!F:F,"대체로 맞음") | C16: =COUNTIFS(판정!D:D,"옮김",판정!F:F,"대체로 맞음") | D16: =COUNTIFS(판정!D:D,"추측",판정!F:F,"대체로 맞음") | E16: =COUNTIFS(판정!D:D,"못알아들음",판정!F:F,"대체로 맞음") | F16: =SUM(B15:E15) | G16: =IF(F20=0,0,F15/F20)
A17: 조금 맞음 | B17: =COUNTIFS(판정!D:D,"따라함",판정!F:F,"조금 맞음") | C17: =COUNTIFS(판정!D:D,"옮김",판정!F:F,"조금 맞음") | D17: =COUNTIFS(판정!D:D,"추측",판정!F:F,"조금 맞음") | E17: =COUNTIFS(판정!D:D,"못알아들음",판정!F:F,"조금 맞음") | F17: =SUM(B16:E16) | G17: =IF(F20=0,0,F16/F20)
A18: 틀림 | B18: =COUNTIFS(판정!D:D,"따라함",판정!F:F,"틀림") | C18: =COUNTIFS(판정!D:D,"옮김",판정!F:F,"틀림") | D18: =COUNTIFS(판정!D:D,"추측",판정!F:F,"틀림") | E18: =COUNTIFS(판정!D:D,"못알아들음",판정!F:F,"틀림") | F18: =SUM(B17:E17) | G18: =IF(F20=0,0,F17/F20)
A19: 못 알아들음 | B19: =COUNTIFS(판정!D:D,"따라함",판정!F:F,"못 알아들음") | C19: =COUNTIFS(판정!D:D,"옮김",판정!F:F,"못 알아들음") | D19: =COUNTIFS(판정!D:D,"추측",판정!F:F,"못 알아들음") | E19: =COUNTIFS(판정!D:D,"못알아들음",판정!F:F,"못 알아들음") | F19: =SUM(B18:E18) | G19: =IF(F20=0,0,F18/F20)
A20: 확인 불가 | B20: =COUNTIFS(판정!D:D,"따라함",판정!F:F,"확인 불가") | C20: =COUNTIFS(판정!D:D,"옮김",판정!F:F,"확인 불가") | D20: =COUNTIFS(판정!D:D,"추측",판정!F:F,"확인 불가") | E20: =COUNTIFS(판정!D:D,"못알아들음",판정!F:F,"확인 불가") | F20: =SUM(B19:E19) | G20: =IF(F20=0,0,F19/F20)
A21: 합계 | B21: =SUM(B14:B19) | C21: =SUM(C14:C19) | D21: =SUM(D14:D19) | E21: =SUM(E14:E19) | F21: =SUM(F14:F19)
A23: 맞음+대체로 맞음 비율 | B23: =IF(F20=0,0,(F14+F15)/F20)

Sheet 안내
A1: 청해 판정표 보는 법
A3: 무엇 | B3: 내 말(사용자가 고친 자막 669줄)마다, 그 순간과 바로 앞의 애니 대사를 짝지어 두고, 대사를 옮기거나 따라 한 줄에 판정을 붙였다. 판정은 Claude가 했다.
A4: 유형 | B4: 따라함 = 일본어를 그대로 따라 말함 / 옮김 = 한국어로 뜻을 말함 / 추측 = 모르는 말의 뜻을 짐작함(~라는 말인가?) / 못알아들음 = 모르겠다고 말함 / 읽기 = 화면 글자를 읽음 / 기타 = AI 설명을 읽는 등 / 반응·혼잣말, 소리·감탄 = 판정 안 함(회색)
A5: 판정 | B5: 맞음(초록) / 대체로 맞음(연초록, 뜻은 맞고 말이 조금 다름) / 조금 맞음(노랑, 일부만 맞음) / 틀림(주황) / 못 알아들음(파랑, 모르겠다고 말함) / 확인 불가(회색, 짝지을 대사를 못 찾음)
A6: 대상 애니 대사 | B6: 판정한 기준 대사. 공식 일본어 자막(SDH)에서 가져왔다. [추정]은 녹화 시각을 앞뒤 대사로 짐작한 줄.
A7: 그 순간 애니 대사(참고) | B7: 내 말 직전 30초 안의 애니 대사 최대 3줄(회색).
A8: 채울 칸 | B8: 노란 칸만. 사용자 확인: 판정이 맞으면 "맞게 봄", 아니면 "판정 틀림"을 고르고 고친 판정을 고른다. 메모는 자유. 전부 볼 필요 없이 판정이 이상한 줄만 채워도 된다.
A9: 예시 | B9: 번호 232, 27:13 "아침에는" → 판정 "틀림"(아침에만 손님이 온다를 반대로 옮김). 그렇게 들은 게 아니면 "판정 틀림", 고친 판정 "대체로 맞음", 메모에 이유.
A10: 요약 시트 | B10: 유형별 줄 수와 판정 비율. 판정 시트를 고치면 다시 계산된다(판정 칸 F를 고칠 때).
